{
	"body":
	{
		"type": "f_tal_nrw"
	},
	"face":
	{
		"freckles":
		{
			"option": "Freckles2",
			"density": 0.58643615245819092,
			"saturation": 0.5,
			"strength": 0.13164894282817841,
			"toneShift": 0.5
		},
		"accents":
		{
			"scalp":
			{
				"redness": 0,
				"saturation": 0,
				"lightness": 0
			},
			"forehead":
			{
				"redness": 0,
				"saturation": 0,
				"lightness": 0
			},
			"nose":
			{
				"redness": 0,
				"saturation": 0,
				"lightness": 0
			},
			"underEye":
			{
				"redness": 0,
				"saturation": -0.20212775468826294,
				"lightness": -0.93617022037506104
			},
			"cheeks":
			{
				"redness": 0,
				"saturation": 0,
				"lightness": 0
			},
			"lips":
			{
				"redness": 0,
				"saturation": 0,
				"lightness": 0
			},
			"chin":
			{
				"redness": 0,
				"saturation": 0,
				"lightness": 0
			},
			"ears":
			{
				"redness": 0,
				"saturation": 0,
				"lightness": 0
			}
		},
		"leftEye":
		{
			"iris":
			{
				"option": "003",
				"color1UI":
				{
					"x": 0.85029923915863037,
					"y": 0.2966664731502533
				},
				"color1":
				{
					"r": 0.072271846234798431,
					"g": 0.038204371929168701,
					"b": 0.018500220030546188,
					"a": 1
				},
				"color2UI":
				{
					"x": 0.72904175519943237,
					"y": 0.34666645526885986
				},
				"color2":
				{
					"r": 0.076185382902622223,
					"g": 0.043735027313232422,
					"b": 0.018500220030546188,
					"a": 1
				},
				"bUseRadialBlend": true,
				"colorBalance": 0.5,
				"colorBalanceSmoothness": 0.5,
				"size": 0.75199466943740845,
				"saturation": 0.5,
				"limbusDarkAmount": 0.5
			},
			"sclera":
			{
				"tintUI":
				{
					"x": 0.67964053153991699,
					"y": 0.69166648387908936
				},
				"tint":
				{
					"r": 0.98225057125091553,
					"g": 0.84687322378158569,
					"b": 0.7304607629776001,
					"a": 1
				},
				"brightness": 0.81781917810440063,
				"rotation": 0,
				"vascularity": 0.59441483020782471,
				"veinsRotation": 0
			}
		},
		"rightEye":
		{
			"iris":
			{
				"option": "003",
				"color1UI":
				{
					"x": 0.85029923915863037,
					"y": 0.2966664731502533
				},
				"color1":
				{
					"r": 0.072271846234798431,
					"g": 0.038204371929168701,
					"b": 0.018500220030546188,
					"a": 1
				},
				"color2UI":
				{
					"x": 0.72904175519943237,
					"y": 0.34666645526885986
				},
				"color2":
				{
					"r": 0.076185382902622223,
					"g": 0.043735027313232422,
					"b": 0.018500220030546188,
					"a": 1
				},
				"bUseRadialBlend": true,
				"colorBalance": 0.5,
				"colorBalanceSmoothness": 0.5,
				"size": 0.75199466943740845,
				"saturation": 0.5,
				"limbusDarkAmount": 0.5
			},
			"sclera":
			{
				"tintUI":
				{
					"x": 0.67964053153991699,
					"y": 0.69166648387908936
				},
				"tint":
				{
					"r": 0.98225057125091553,
					"g": 0.84687322378158569,
					"b": 0.7304607629776001,
					"a": 1
				},
				"brightness": 0.81781917810440063,
				"rotation": 0,
				"vascularity": 0.59441483020782471,
				"veinsRotation": 0
			}
		},
		"teeth":
		{
			"teethColorUI":
			{
				"x": 0.34999999403953552,
				"y": 0.34999999403953552
			},
			"teethColor":
			{
				"r": 0.67954248189926147,
				"g": 0.52099555730819702,
				"b": 0.33716362714767456,
				"a": 1
			},
			"gumColorUI":
			{
				"x": 0.34999999403953552,
				"y": 0.34999999403953552
			},
			"gumColor":
			{
				"r": 0.39157247543334961,
				"g": 0.078187420964241028,
				"b": 0.064803265035152435,
				"a": 1
			},
			"plaqueColorUI":
			{
				"x": 0.34999999403953552,
				"y": 0.34999999403953552
			},
			"plaqueColor":
			{
				"r": 0.60382735729217529,
				"g": 0.41788506507873535,
				"b": 0.11443537473678589,
				"a": 1
			},
			"plaqueAmount": 0.11999999731779099
		},
		"makeup":
		{
			"foundation":
			{
				"bApplyFoundation": true,
				"color":
				{
					"r": 0.70110201835632324,
					"g": 0.34670400619506836,
					"b": 0.24228100478649139,
					"a": 1
				},
				"intensity": 0.18617020547389984,
				"roughness": 0.25,
				"concealer": 0
			},
			"eyes":
			{
				"option": "FullThinLiner",
				"primaryColor":
				{
					"r": 0,
					"g": 0,
					"b": 0,
					"a": 1
				},
				"secondaryColor":
				{
					"r": 0,
					"g": 0,
					"b": 0,
					"a": 1
				},
				"roughness": 0.5,
				"transparency": 0.63231378793716431,
				"metalness": 0
			},
			"blusher":
			{
				"option": "None",
				"color":
				{
					"r": 0.34509798884391785,
					"g": 0,
					"b": 0,
					"a": 1
				},
				"intensity": 0.40000000596046448,
				"roughness": 0.25
			},
			"lips":
			{
				"option": "Natural",
				"color":
				{
					"r": 0.5,
					"g": 0,
					"b": 0,
					"a": 1
				},
				"roughness": 0.72000002861022949,
				"transparency": 0.30000001192092896
			}
		}
	},
	"textureSynthesis":
	{
		"bSkinUnlocked": true,
		"lowFrequency": 0.019946807995438576,
		"highFrequency": 0.13364361226558685,
		"contrast": 0.5,
		"skinToneUI":
		{
			"x": 0.11377245187759399,
			"y": 0.82666665315628052
		},
		"skinTone":
		{
			"r": 0.70110189914703369,
			"g": 0.34191441535949707,
			"b": 0.23839756846427917,
			"a": 1
		}
	},
	"grooms":
	{
		"hair":
		{
			"option": "ShortLowPonytail",
			"length": 1,
			"bUseCustomProperties": true,
			"melaninAndRedness":
			{
				"x": 0.98502994011976053,
				"y": 0
			},
			"roughness": 0.39095744490623474,
			"whiteness": 0.082446806132793427,
			"lightness": 0.36436170339584351,
			"presetOption": "None",
			"bUseDyeColor": false,
			"dyeColor":
			{
				"r": 0.32156899571418762,
				"g": 0,
				"b": 0.69019597768783569,
				"a": 1
			},
			"bUseRegions": false,
			"regionsUV":
			{
				"x": 0.28189998865127563,
				"y": 0.25
			},
			"bUseRegionsColor": false,
			"regionsColor":
			{
				"r": 1,
				"g": 1,
				"b": 1,
				"a": 1
			},
			"regionsPresetOption": "None",
			"bUseOmbre": false,
			"ombreUV":
			{
				"x": 0.28189998865127563,
				"y": 0.25
			},
			"bUseOmbreColor": false,
			"ombreColor":
			{
				"r": 1,
				"g": 1,
				"b": 1,
				"a": 1
			},
			"ombreShift": 0.5,
			"ombreContrast": 0,
			"ombreIntensity": 1,
			"ombrePresetOption": "None",
			"bUseHighlights": false,
			"highlightsUV":
			{
				"x": 0.28189998865127563,
				"y": 0.25
			},
			"bUseHighlightsColor": false,
			"highlightsColor":
			{
				"r": 1,
				"g": 1,
				"b": 1,
				"a": 1
			},
			"highlightsBlending": 0.5,
			"highlightsIntensity": 0.5,
			"highlightsVariation": 0,
			"highlightsPresetOption": "None",
			"eyebrowsShading": 1,
			"eyebrowsMicroblading": 1,
			"bUseMaskModulation": false,
			"maskModulationOption": "None"
		},
		"eyebrows":
		{
			"option": "EyebrowsMediumSlightArch",
			"length": 1,
			"bUseCustomProperties": true,
			"melaninAndRedness":
			{
				"x": 0.95839834213256836,
				"y": 0.35628193616867065
			},
			"roughness": 0.25,
			"whiteness": 0,
			"lightness": 0.5,
			"presetOption": "None",
			"bUseDyeColor": false,
			"dyeColor":
			{
				"r": 0.32156899571418762,
				"g": 0,
				"b": 0.69019597768783569,
				"a": 1
			},
			"bUseRegions": false,
			"regionsUV":
			{
				"x": 0.28189998865127563,
				"y": 0.25
			},
			"bUseRegionsColor": false,
			"regionsColor":
			{
				"r": 1,
				"g": 1,
				"b": 1,
				"a": 1
			},
			"regionsPresetOption": "None",
			"bUseOmbre": false,
			"ombreUV":
			{
				"x": 0.28189998865127563,
				"y": 0.25
			},
			"bUseOmbreColor": false,
			"ombreColor":
			{
				"r": 1,
				"g": 1,
				"b": 1,
				"a": 1
			},
			"ombreShift": 0.5,
			"ombreContrast": 0,
			"ombreIntensity": 1,
			"ombrePresetOption": "None",
			"bUseHighlights": false,
			"highlightsUV":
			{
				"x": 0.28189998865127563,
				"y": 0.25
			},
			"bUseHighlightsColor": false,
			"highlightsColor":
			{
				"r": 1,
				"g": 1,
				"b": 1,
				"a": 1
			},
			"highlightsBlending": 0.5,
			"highlightsIntensity": 0.5,
			"highlightsVariation": 0,
			"highlightsPresetOption": "None",
			"eyebrowsShading": 1,
			"eyebrowsMicroblading": 1,
			"bUseMaskModulation": false,
			"maskModulationOption": "None"
		},